type,title,subtitle,link
BU,辞职后我办了移动电源小工厂,,http://bbs.tianya.cn/post-enterprise-691824-1.shtml
BU,Tianya>Enterprise,,http://bbs.tianya.cn/list.jsp?item=enterprise&sub=3
TE,Sorttable,,http://www.kryogenix.org/code/browser/sorttable/
TE,知乎某个答案点赞的所有名单,,http://playbear.github.io/
TE,favicon,,http://www.favicon.cc/
BU,证信中心,,http://www.pbccrc.org.cn/
TE,Sorttable,"Sort table in html",http://www.kryogenix.org/code/browser/sorttable/
TE,realnicky's blog,这个杭州哥们的博客有意思,http://realnicky.iteye.com/ 
TE,精选高清壁纸：时间钟表合集第一辑,It's for my blog,http://www.pic21.com/bizhi/a/541_1.htm
 